"","X","annual_income_ppp","average_wk_hrs","education_months","family_size","work_distance","languages"
"1",1,66417,50,157,5,3,1
"2",2,55124,50,156,5,0,1
"3",3,55124,50,155,5,3,1
"4",4,54238,50,154,5,0,1
"5",5,53573,50,150,4,0,1
"6",6,52688,51,147,5,0,1
"7",7,52245,51,143,5,0,1
"8",8,51138,51,141,5,0,1
"9",9,49810,51,137,4,2,1
"10",10,49367,51,134,4,0,1
"11",11,49367,51,132,5,0,1
"12",12,48702,51,119,5,2,1
"13",13,48038,52,115,5,0,1
"14",14,46930,52,112,4,2,1
"15",15,44937,52,108,4,0,1
"16",16,43830,52,104,5,0,1
"17",17,94763,39,205,3,0,1
"18",18,94098,39,205,3,0,1
"19",19,93434,39,205,3,0,1
"20",20,92769,39,205,3,0,1
"21",21,92104,39,194,3,0,1
"22",22,91219,40,185,3,0,1
"23",23,90998,40,181,3,0,1
"24",24,89226,40,179,3,0,1
"25",25,90555,40,174,3,0,1
"26",26,86790,54,172,3,0,1
"27",27,85241,41,165,3,0,1
"28",28,84133,41,166,4,0,1
"29",29,83690,41,164,3,0,1
"30",30,84798,42,164,4,0,1
"31",31,85462,42,163,3,0,1
"32",32,83247,42,164,3,0,1
"34",34,89447,38,207,4,3,1
"35",35,89226,39,207,4,3,1
"36",36,88783,39,207,3,3,1
"37",37,88341,39,202,3,3,1
"38",38,87898,40,198,3,3,1
"39",39,87233,40,192,3,0,1
"40",40,86569,40,186,2,0,1
"41",41,85904,54,183,2,0,1
"42",42,85019,41,183,2,3,1
"43",43,83912,41,179,2,3,1
"44",44,82582,41,176,2,0,1
"45",45,81254,42,173,2,0,1
"46",46,81033,42,169,2,0,1
"47",47,80590,42,166,2,3,1
"48",48,80368,42,164,2,0,1
"50",50,36965,49,172,2,0,1
"51",51,35637,49,172,2,0,1
"52",52,46488,49,159,2,0,1
"53",53,35415,49,149,2,2,1
"54",54,32315,55,144,2,2,1
"55",55,31208,50,139,2,2,1
"56",56,30323,50,134,2,0,1
"57",57,29215,50,129,2,0,1
"58",58,28107,50,123,2,0,1
"59",59,27443,50,119,2,2,1
"60",60,26779,50,114,3,2,1
"61",61,26115,51,108,2,0,1
"62",62,25450,51,104,2,1,1
"63",63,23679,51,99,3,1,1
"64",64,22793,51,93,1,0,1
"82",82,91219,37,241,3,3,1
"83",83,90776,37,241,3,3,1
"84",84,90555,38,239,3,0,1
"85",85,90112,54,238,3,3,1
"86",86,89669,38,235,4,3,1
"87",87,89890,38,231,4,0,1
"88",88,89447,38,229,4,0,1
"89",89,88119,39,229,4,0,1
"90",90,89004,39,227,4,0,1
"91",91,88341,39,229,4,3,1
"92",92,87898,39,229,4,3,1
"93",93,86569,39,230,5,0,1
"94",94,86569,39,229,5,0,1
"95",95,86347,40,221,5,0,1
"96",96,86569,40,214,5,0,1
"98",98,87676,40,187,2,0,1
"99",99,87233,40,187,2,0,1
"100",100,87233,40,187,2,0,1
"101",101,86126,40,187,2,0,1
"102",102,85241,41,183,2,0,1
"103",103,84798,54,178,2,0,1
"104",104,84576,54,183,2,0,1
"105",105,85241,41,176,2,0,1
"106",106,83912,41,170,2,0,1
"107",107,84133,41,166,3,0,1
"108",108,84133,41,166,3,0,1
"109",109,83468,41,165,3,0,1
"110",110,83247,41,165,3,0,1
"111",111,83247,42,169,3,0,1
"112",112,81919,42,170,3,0,1
"114",114,105613,36,277,5,0,1
"115",115,105170,36,275,5,2,1
"116",116,104728,36,273,5,2,1
"117",117,104063,37,270,5,0,1
"118",118,103842,37,266,5,0,1
"119",119,103399,37,261,5,0,1
"120",120,102513,37,261,5,0,1
"121",121,102513,37,260,5,0,1
"122",122,102291,37,275,5,0,1
"123",123,101848,38,275,5,0,1
"124",124,112921,53,280,5,0,1
"125",125,106277,54,279,5,0,1
"126",126,99412,38,273,5,0,1
"127",127,99412,38,278,5,0,1
"128",128,98526,38,277,5,0,1
"130",130,102734,39,224,6,1,1
"131",131,102069,39,222,6,1,1
"132",132,117350,39,222,6,1,1
"133",133,117350,39,222,1,1,1
"134",134,108491,39,219,6,0,1
"135",135,104063,39,217,6,1,1
"136",136,108491,40,215,1,1,1
"137",137,101848,40,216,1,1,1
"138",138,99191,40,214,1,1,1
"139",139,98306,40,213,1,1,1
"140",140,98084,40,210,1,1,1
"141",141,96977,40,210,1,1,1
"142",142,96755,41,227,1,0,1
"143",143,96534,54,220,0,0,1
"144",144,95426,54,219,1,0,1
"146",146,83025,40,181,4,0,1
"147",147,82361,54,178,3,0,1
"148",148,81697,41,177,3,1,1
"149",149,81033,41,176,3,0,1
"150",150,79925,41,176,3,0,1
"151",151,95206,42,174,3,1,1
"152",152,84133,42,174,2,0,1
"153",153,84133,42,174,3,0,1
"154",154,75719,42,164,3,0,1
"155",155,73946,42,170,4,0,1
"156",156,73946,43,168,4,0,1
"157",157,72617,43,165,4,0,1
"158",158,72617,43,163,2,0,1
"159",159,71954,43,161,2,0,1
"160",160,69960,43,157,3,0,1
"194",194,80590,50,156,1,1,1
"195",195,79704,50,156,1,13,1
"196",196,92990,51,155,2,1,1
"197",197,84133,51,149,2,12,1
"198",198,77268,51,143,2,1,1
"199",199,76382,51,137,2,0,1
"200",200,75497,51,140,1,1,1
"201",201,74389,51,140,1,12,1
"202",202,73503,52,137,1,0,1
"203",203,72617,52,135,1,1,1
"204",204,71511,52,134,1,1,1
"205",205,70403,52,132,1,0,1
"206",206,69297,52,129,1,0,1
"207",207,68189,55,127,1,0,1
"208",208,67082,55,125,1,11,1
"226",226,81919,37,222,3,1,1
"227",227,81254,38,222,4,1,1
"228",228,81697,54,221,3,1,1
"229",229,81919,38,220,3,1,1
"230",230,84133,38,220,3,0,1
"231",231,77490,38,219,4,0,1
"232",232,77490,38,215,3,1,1
"233",233,77047,39,213,4,0,1
"234",234,75054,39,209,4,0,1
"235",235,73282,39,207,4,1,1
"236",236,73503,39,203,4,0,1
"237",237,72397,39,201,4,1,1
"238",238,71289,39,198,4,1,1
"239",239,72397,39,194,4,1,1
"240",240,73060,40,192,3,0,1
"242",242,119564,37,229,1,0,1
"243",243,115135,37,229,1,1,1
"244",244,106277,37,228,1,1,1
"245",245,106277,37,227,1,0,1
"246",246,99634,37,224,0,0,1
"247",247,99191,37,223,1,0,1
"248",248,98526,38,223,5,0,1
"249",249,98526,53,223,5,0,1
"250",250,98306,53,222,5,0,1
"251",251,97198,54,222,5,0,1
"252",252,96977,38,258,5,0,1
"253",253,95869,38,256,5,0,1
"254",254,95206,38,258,5,0,1
"255",255,95206,38,251,5,0,1
"256",256,94320,38,249,5,0,1
"258",258,77490,54,188,3,0,1
"259",259,77047,41,190,3,0,1
"260",260,76161,41,185,3,0,1
"261",261,76161,41,184,3,0,1
"262",262,76382,42,184,3,0,1
"263",263,76382,42,187,3,0,1
"264",264,76604,42,188,3,0,1
"265",265,76604,42,188,3,0,1
"266",266,76161,42,183,2,0,1
"267",267,75276,43,188,2,0,1
"268",268,74611,43,185,2,0,1
"269",269,73946,43,181,2,0,1
"270",270,74168,43,178,2,0,1
"271",271,73503,43,177,2,0,1
"272",272,73725,54,176,2,0,1
"274",274,54681,48,164,3,0,1
"275",275,54238,48,159,3,0,1
"276",276,53795,48,156,3,0,1
"277",277,53352,49,154,3,0,1
"278",278,52467,49,150,3,1,1
"279",279,51802,49,148,2,0,1
"280",280,50030,49,146,2,1,1
"281",281,48924,49,143,2,1,1
"282",282,48259,49,141,3,1,1
"283",283,47594,55,139,3,1,1
"284",284,46708,55,134,2,0,1
"285",285,46045,50,129,3,0,1
"286",286,45602,50,125,2,1,1
"287",287,45380,50,117,3,0,1
"288",288,45159,50,114,2,1,1
"290",290,76161,49,185,2,0,1
"291",291,75497,49,186,2,0,1
"292",292,74611,49,183,2,0,1
"293",293,73725,49,178,3,0,1
"294",294,72839,55,172,3,0,1
"295",295,71732,50,166,4,0,1
"296",296,70846,50,162,4,0,1
"297",297,69739,50,157,3,0,1
"298",298,68189,50,151,3,0,1
"299",299,66417,51,147,3,0,1
"300",300,64646,51,142,2,0,1
"301",301,62653,51,137,3,0,1
"302",302,60881,51,133,4,0,1
"303",303,59110,51,128,3,0,1
"304",304,59774,51,125,4,0,1
"306",306,66639,45,186,3,0,1
"307",307,64646,45,186,3,0,1
"308",308,62874,45,185,3,0,1
"309",309,60217,45,184,3,0,1
"310",310,57781,45,183,3,0,1
"311",311,53573,45,181,4,0,1
"312",312,49810,45,180,3,0,1
"313",313,48481,46,180,3,0,1
"314",314,43830,46,178,3,0,1
"315",315,36965,46,178,3,0,1
"316",316,28993,46,177,3,0,1
"317",317,25229,46,177,3,0,1
"318",318,24343,46,178,4,0,1
"319",319,25893,54,177,3,0,1
"320",320,28329,47,176,3,0,1
"322",322,88119,39,216,5,2,1
"323",323,87898,40,205,5,0,1
"324",324,87455,40,205,5,0,1
"325",325,86569,40,202,5,16,2
"326",326,85904,40,200,5,16,2
"327",327,85462,41,200,5,16,2
"328",328,85019,54,194,5,2,1
"329",329,84798,41,197,5,2,1
"330",330,84133,41,200,5,2,1
"331",331,83468,41,200,5,15,2
"332",332,81919,42,202,4,15,2
"333",333,81476,42,212,4,15,2
"334",334,80590,42,209,4,0,1
"335",335,79704,42,206,4,0,1
"336",336,88562,43,203,4,14,2
"354",354,87012,36,212,5,1,1
"355",355,86569,37,207,4,1,1
"356",356,86126,37,206,4,0,1
"357",357,85683,37,205,4,1,1
"358",358,85019,37,201,4,1,1
"359",359,84576,37,200,4,1,1
"360",360,83912,38,200,4,1,1
"361",361,83247,53,197,4,1,1
"362",362,82361,54,197,4,0,1
"363",363,82140,38,197,4,1,1
"364",364,82361,38,194,4,0,1
"365",365,81919,38,190,4,1,1
"366",366,81476,38,190,4,1,1
"367",367,81033,39,190,4,0,1
"368",368,79925,39,190,4,0,1
"370",370,53795,50,129,3,1,1
"371",371,53130,50,127,3,0,1
"372",372,52245,50,123,3,1,1
"373",373,51138,50,118,3,0,1
"374",374,49810,51,113,4,0,1
"375",375,48481,51,108,4,0,1
"376",376,46708,51,103,4,1,1
"377",377,44937,51,97,4,0,1
"378",378,42723,51,94,4,1,1
"379",379,40508,51,90,4,0,1
"380",380,38515,51,85,4,0,1
"381",381,36744,52,84,3,1,1
"382",382,35415,52,82,3,0,1
"383",383,46488,52,81,3,1,1
"384",384,35415,52,79,3,0,1
"386",386,53352,50,163,4,0,1
"387",387,52245,50,162,5,0,1
"388",388,50916,50,159,5,0,1
"389",389,49588,51,155,5,0,1
"390",390,48259,51,148,5,0,1
"391",391,46930,51,140,4,0,1
"392",392,44937,51,132,4,1,1
"393",393,43830,51,123,1,1,1
"394",394,42280,51,108,7,1,1
"395",395,40730,51,105,6,1,1
"396",396,38959,51,100,4,1,1
"397",397,37408,51,94,3,1,1
"398",398,36523,52,91,3,1,1
"399",399,36080,52,92,3,1,1
"400",400,50916,52,92,3,0,1
"402",402,84133,54,197,3,0,1
"403",403,83690,47,198,2,0,1
"404",404,83468,47,193,3,0,1
"405",405,83247,47,192,3,0,1
"406",406,83025,47,187,3,0,1
"407",407,82804,48,184,2,0,1
"408",408,82804,48,181,2,0,1
"409",409,82582,48,178,2,0,1
"410",410,82140,48,178,3,0,1
"411",411,81476,48,170,3,0,1
"412",412,80590,49,169,3,0,1
"413",413,79925,49,171,3,0,1
"414",414,92990,49,171,3,0,1
"415",415,84133,49,168,3,0,1
"416",416,77268,49,171,3,0,1
"418",418,73725,50,166,3,0,1
"419",419,72617,50,165,3,0,1
"420",420,71732,50,164,3,1,1
"421",421,70846,50,164,3,1,1
"422",422,69960,51,163,3,0,1
"423",423,68854,51,162,4,0,1
"424",424,67746,51,162,3,0,1
"425",425,66417,51,159,2,1,1
"426",426,64424,51,157,2,1,1
"427",427,61767,51,156,3,0,1
"428",428,58667,51,152,4,0,1
"429",429,61989,52,148,4,1,1
"430",430,53795,52,135,3,1,1
"431",431,52024,52,128,3,0,1
"432",432,50252,52,123,3,1,1
"434",434,48038,47,161,2,0,1
"435",435,47373,47,161,2,2,1
"436",436,46266,47,161,2,0,1
"437",437,45602,48,156,2,0,1
"438",438,44937,48,152,3,0,1
"439",439,43830,48,147,3,2,1
"440",440,42502,48,142,3,0,1
"441",441,41173,48,133,3,1,1
"442",442,40508,48,135,3,1,1
"443",443,39402,49,136,3,0,1
"444",444,37851,49,135,3,0,1
"445",445,37186,49,134,3,1,1
"446",446,36744,49,137,3,0,1
"447",447,36523,49,122,3,1,1
"448",448,36301,55,120,2,1,1
"450",450,104063,36,224,1,3,1
"451",451,103620,36,224,1,3,1
"452",452,103177,36,224,1,0,1
"453",453,102956,37,224,1,0,1
"454",454,102291,37,224,6,0,1
"455",455,101848,37,224,6,3,1
"456",456,115135,37,223,1,3,1
"457",457,110707,37,223,6,3,1
"458",458,110707,37,223,6,0,1
"459",459,101848,38,223,5,0,1
"460",460,99634,53,223,5,0,1
"461",461,98969,54,223,5,0,1
"462",462,98526,38,223,5,0,1
"463",463,98306,38,223,5,0,1
"464",464,97641,39,224,5,0,1
"466",466,50916,49,122,2,0,1
"467",467,32980,49,122,2,0,1
"468",468,39845,49,122,2,0,1
"469",469,32758,55,119,2,0,1
"470",470,31429,55,117,2,0,1
"471",471,30101,50,114,2,0,1
"472",472,27886,50,113,2,0,1
"473",473,26115,50,112,2,0,1
"474",474,25007,50,110,2,0,1
"475",475,24121,50,108,2,0,1
"476",476,23679,50,106,2,0,1
"477",477,23679,50,105,2,0,1
"478",478,23458,50,103,2,0,1
"479",479,23458,51,101,2,0,1
"480",480,24343,51,100,2,0,1
"482",482,38959,50,125,2,1,1
"483",483,38072,50,125,2,1,1
"484",484,37186,50,125,2,0,1
"485",485,36744,50,118,2,1,1
"486",486,35858,50,118,2,0,1
"487",487,48702,51,113,2,0,1
"488",488,32315,51,110,2,1,1
"489",489,31872,51,106,2,0,1
"490",490,29880,51,104,2,0,1
"491",491,30101,51,105,2,0,1
"492",492,29880,51,105,3,0,1
"493",493,29658,51,103,3,0,1
"494",494,28993,51,99,5,0,1
"495",495,28772,51,97,4,0,1
"496",496,27886,51,94,4,1,1
"498",498,106277,37,228,4,1,1
"499",499,101848,37,221,4,1,1
"500",500,99412,37,220,4,0,1
"501",501,99191,38,219,4,1,1
"502",502,97641,53,216,4,1,1
"503",503,98084,38,217,4,1,1
"504",504,98748,38,216,4,1,1
"505",505,97198,38,212,4,1,1
"506",506,97198,38,213,3,1,1
"507",507,96091,39,209,4,0,1
"508",508,95206,39,206,4,1,1
"509",509,94984,39,202,4,1,1
"510",510,94763,39,201,4,1,1
"511",511,93655,39,199,4,1,1
"512",512,93655,40,197,4,1,1
"514",514,90333,46,192,3,0,1
"515",515,89890,54,187,3,0,1
"516",516,89447,55,184,3,0,1
"517",517,89004,47,188,3,0,1
"518",518,88562,47,185,3,0,1
"519",519,88341,47,181,3,0,1
"520",520,87455,48,178,3,0,1
"521",521,87233,48,172,2,0,1
"522",522,86790,48,168,2,0,1
"523",523,86126,48,163,3,0,1
"524",524,85241,49,158,3,0,1
"525",525,84355,49,155,3,0,1
"526",526,83468,49,152,3,0,1
"527",527,82361,49,151,2,0,1
"528",528,81254,55,150,3,0,1
"530",530,87676,39,198,4,4,1
"531",531,87233,39,194,4,4,1
"532",532,87012,39,193,4,4,1
"533",533,86790,39,191,4,0,1
"534",534,85462,40,188,4,0,1
"535",535,85462,40,184,4,4,1
"536",536,85241,40,181,4,0,1
"537",537,85241,40,178,3,4,1
"538",538,84355,40,173,3,4,1
"539",539,84355,54,169,3,4,1
"540",540,83690,41,171,3,3,1
"541",541,82804,41,174,3,3,1
"542",542,81476,41,173,3,3,1
"543",543,80811,42,172,3,0,1
"544",544,80590,42,171,3,0,1
"546",546,62432,49,169,4,0,1
"547",547,61767,49,166,4,0,1
"548",548,60881,49,165,4,0,1
"549",549,60217,49,163,3,0,1
"550",550,59332,49,162,3,0,1
"551",551,58224,49,159,2,0,1
"552",552,57560,55,158,3,0,1
"553",553,68632,55,156,3,0,1
"554",554,61989,50,155,2,0,1
"555",555,55345,50,152,2,0,1
"556",556,54902,50,150,2,0,1
"557",557,54459,50,147,2,0,1
"558",558,54238,50,142,2,0,1
"559",559,54238,50,139,1,0,1
"560",560,54238,50,135,2,0,1
"579",579,98526,38,201,5,0,1
"580",580,98306,38,199,5,0,1
"581",581,97863,39,198,5,0,1
"582",582,97420,39,195,6,0,1
"583",583,95426,39,194,6,0,1
"584",584,97863,40,192,6,0,1
"585",585,97198,40,190,5,0,1
"586",586,97198,40,188,5,0,1
"587",587,95206,40,186,4,0,1
"588",588,96534,54,184,4,0,1
"589",589,94541,41,181,4,0,1
"590",590,95206,41,180,5,0,1
"591",591,95869,42,178,5,0,1
"592",592,94098,42,176,4,0,1
"593",593,94320,42,174,4,0,1
"595",595,94763,37,215,4,0,1
"596",596,94541,37,213,4,0,1
"597",597,93212,37,209,4,0,1
"598",598,92990,38,208,4,0,1
"599",599,92104,53,205,5,0,1
"600",600,91441,54,205,5,0,1
"601",601,90776,38,206,4,0,1
"602",602,90333,38,206,4,0,1
"603",603,90555,38,201,4,0,1
"604",604,89004,39,198,4,0,1
"605",605,89447,39,194,4,0,1
"606",606,87898,39,190,4,0,1
"607",607,88119,39,186,3,0,1
"608",608,88341,39,183,4,0,1
"609",609,87898,39,181,4,0,1
"627",627,106277,38,202,4,0,1
"628",628,101848,38,200,4,0,1
"629",629,99634,38,200,4,0,1
"630",630,98969,38,200,4,0,1
"631",631,98526,39,209,4,0,1
"632",632,98084,39,203,4,0,1
"633",633,97641,39,199,4,0,1
"634",634,97198,39,197,4,0,1
"635",635,96977,39,195,4,0,1
"636",636,96755,39,197,4,0,1
"637",637,96534,39,195,4,0,1
"638",638,96312,40,191,4,0,1
"639",639,96091,40,185,3,0,1
"640",640,95648,40,184,3,0,1
"641",641,95426,40,185,3,0,1
"643",643,108491,38,263,1,0,1
"644",644,101848,38,257,6,0,1
"645",645,99634,39,253,1,0,1
"646",646,98969,39,236,1,0,1
"647",647,97863,39,235,7,0,1
"648",648,97198,39,235,7,0,1
"649",649,96977,39,235,0,0,1
"650",650,96091,39,234,6,0,1
"651",651,95426,39,236,6,0,1
"652",652,95426,39,232,6,0,1
"653",653,94541,40,231,6,0,1
"654",654,93655,40,229,5,0,1
"655",655,92990,40,232,5,0,1
"656",656,92990,40,228,5,0,1
"657",657,92769,40,231,5,0,1
"659",659,61989,45,113,1,0,1
"660",660,61324,46,113,5,0,1
"661",661,60217,46,113,5,0,1
"662",662,59332,46,108,5,0,1
"663",663,58224,46,104,5,0,1
"664",664,75276,46,101,5,0,1
"665",665,59774,46,98,5,0,1
"666",666,54902,54,92,4,0,1
"667",667,53352,54,90,4,0,1
"668",668,52245,54,86,4,0,1
"669",669,51138,47,83,4,0,1
"670",670,50916,47,81,3,0,1
"671",671,50695,47,78,3,0,1
"672",672,50252,47,74,3,0,1
"673",673,49588,47,74,3,0,1
"676",676,85462,39,193,2,0,1
"677",677,85019,39,193,2,0,1
"678",678,82140,39,192,2,0,1
"679",679,84355,39,191,2,0,1
"680",680,83468,40,190,3,1,1
"681",681,85462,40,190,2,1,1
"682",682,84798,40,188,2,0,1
"683",683,83912,54,187,2,0,1
"684",684,82582,41,186,2,1,1
"685",685,76825,41,186,2,1,1
"686",686,75939,42,185,2,0,1
"687",687,84133,42,184,3,0,1
"688",688,80590,42,183,3,1,1
"689",689,80147,43,183,3,1,1
"690",690,81919,43,181,3,1,1
"692",692,90776,40,202,5,0,1
"693",693,90776,40,195,4,1,1
"694",694,89669,40,194,4,1,1
"695",695,89226,40,193,3,1,1
"696",696,88562,54,192,3,0,1
"697",697,88783,54,192,3,1,1
"698",698,87676,41,191,3,1,1
"699",699,87898,41,190,3,0,1
"700",700,87233,41,188,3,0,1
"701",701,86790,42,188,3,1,1
"702",702,87233,42,187,3,0,1
"703",703,87233,42,186,4,0,1
"704",704,85462,42,185,3,0,1
"705",705,85019,43,184,2,1,1
"706",706,83690,43,184,2,1,1
"724",724,84798,39,193,4,1,1
"725",725,84133,39,193,4,0,1
"726",726,84133,40,193,4,1,1
"727",727,81919,40,191,4,0,1
"728",728,81919,40,190,4,1,1
"729",729,80590,40,188,4,0,1
"730",730,81254,40,195,3,0,1
"731",731,80147,54,190,4,0,1
"732",732,88562,54,190,4,0,1
"733",733,79704,41,187,4,0,1
"734",734,77490,41,184,4,0,1
"735",735,77268,41,179,4,0,1
"736",736,84133,42,177,4,0,1
"737",737,75054,42,174,5,0,1
"738",738,75276,42,171,5,0,1
"740",740,50695,48,147,2,0,1
"741",741,49588,49,147,2,0,1
"742",742,48038,49,147,2,0,1
"743",743,46930,49,147,2,0,1
"744",744,46708,49,147,2,0,1
"745",745,45823,49,146,3,0,1
"746",746,45159,49,146,1,0,1
"747",747,44273,55,144,1,0,1
"748",748,43830,55,144,1,0,1
"749",749,42945,55,141,1,0,1
"750",750,42280,50,139,1,0,1
"751",751,41616,50,137,1,0,1
"752",752,40951,50,135,1,0,1
"753",753,40066,50,133,1,0,1
"754",754,39180,50,40,1,0,1
"759",759,61767,51,98,2,0,1
"760",760,59995,51,99,2,0,1
"761",761,58446,51,100,2,0,1
"762",762,70846,51,100,2,0,1
"763",763,59774,51,101,2,0,1
"764",764,54681,51,101,2,0,1
"765",765,54016,51,103,2,0,1
"766",766,53352,51,98,2,0,1
"767",767,52688,52,94,2,0,1
"768",768,52024,52,91,2,0,1
"769",769,51138,52,90,2,0,1
"770",770,22793,52,85,2,0,1
"772",772,93655,38,231,4,0,1
"773",773,92769,38,231,4,0,1
"774",774,91441,38,231,4,0,1
"775",775,90998,39,230,3,0,1
"776",776,89890,39,228,3,0,1
"777",777,88341,39,227,4,0,1
"778",778,86790,39,227,4,0,1
"779",779,84133,39,227,3,0,1
"780",780,84133,39,227,3,0,1
"781",781,83690,39,224,3,0,1
"782",782,82582,39,222,3,0,1
"783",783,81697,39,221,3,0,1
"784",784,80147,40,219,3,0,1
"785",785,95206,40,214,3,0,1
"786",786,95206,40,207,3,0,1
"788",788,64646,50,137,3,8,1
"789",789,63538,51,137,3,8,1
"790",790,62653,51,137,3,8,1
"791",791,61103,51,135,4,0,1
"792",792,59332,51,134,4,0,1
"793",793,73060,51,134,2,7,1
"794",794,54902,51,128,2,7,1
"795",795,52024,51,122,3,0,1
"796",796,49145,51,117,2,1,1
"797",797,46488,51,107,2,1,1
"798",798,44273,51,103,2,1,1
"799",799,42059,52,100,3,6,1
"800",800,40287,52,97,3,1,1
"801",801,38737,52,90,2,6,1
"802",802,35858,52,85,2,5,1
"804",804,76825,37,216,2,0,1
"805",805,76604,38,214,2,0,1
"806",806,76161,54,213,2,0,1
"807",807,75719,38,210,3,0,1
"808",808,75497,38,209,2,0,1
"809",809,75054,39,208,2,0,1
"810",810,74611,39,206,2,0,1
"811",811,74389,39,205,2,0,1
"812",812,74168,39,202,2,0,1
"813",813,73725,39,201,2,0,1
"814",814,73282,40,195,2,0,1
"815",815,73060,40,194,2,0,1
"816",816,72839,40,194,2,0,1
"817",817,72617,41,193,2,0,1
"818",818,72397,54,192,2,0,1
"820",820,119564,37,237,6,0,1
"821",821,115135,38,237,5,0,1
"822",822,108491,38,237,5,0,1
"823",823,106277,53,236,5,0,1
"824",824,99412,54,235,5,0,1
"825",825,98969,38,237,5,0,1
"826",826,98748,38,238,5,0,1
"827",827,98084,38,239,5,0,1
"828",828,97863,38,239,5,0,1
"829",829,97198,38,238,5,0,1
"830",830,96755,39,252,5,0,1
"831",831,96091,39,250,5,0,1
"832",832,95426,39,249,4,0,1
"833",833,95206,39,245,4,0,1
"834",834,94098,39,241,4,0,1
"836",836,104506,37,228,7,5,1
"837",837,104063,37,228,7,1,1
"838",838,102956,38,227,7,1,1
"839",839,103399,53,227,6,5,1
"840",840,102513,54,226,6,1,1
"841",841,102069,38,226,6,0,1
"842",842,119564,38,227,1,1,1
"843",843,119564,38,227,1,1,1
"844",844,112921,39,227,1,5,1
"845",845,101848,39,220,1,5,1
"846",846,104063,39,220,1,1,1
"847",847,98084,39,219,1,5,1
"848",848,97863,39,220,1,1,1
"849",849,97420,39,221,6,5,1
"850",850,96977,40,222,6,1,1
"852",852,67525,45,186,2,0,1
"853",853,65532,45,185,2,0,1
"854",854,63095,45,185,2,0,1
"855",855,61546,45,185,2,0,1
"856",856,60438,46,185,2,0,1
"857",857,59110,46,184,2,0,1
"858",858,58889,46,184,1,0,1
"859",859,58889,46,184,1,0,1
"860",860,58446,46,184,1,0,1
"861",861,66417,54,184,1,0,1
"862",862,54681,54,183,2,0,1
"863",863,54681,47,183,2,0,1
"864",864,54681,47,183,2,0,1
"865",865,54902,47,183,2,0,1
"866",866,57560,47,181,1,0,1
"884",884,87455,39,197,4,0,1
"885",885,87455,40,197,4,0,1
"886",886,86790,40,195,5,0,1
"887",887,86126,40,194,5,0,1
"888",888,85904,40,194,1,0,1
"889",889,84576,40,188,0,0,1
"890",890,86126,54,192,5,0,1
"891",891,87233,41,185,5,0,1
"892",892,86126,41,186,5,0,1
"893",893,86126,41,181,5,0,1
"894",894,82582,41,179,5,0,1
"895",895,83468,42,177,5,0,1
"896",896,81254,42,177,5,0,1
"897",897,84133,42,176,4,0,1
"898",898,81476,42,172,4,0,1
"900",900,119564,37,237,6,0,1
"901",901,112921,38,236,6,0,1
"902",902,112921,53,236,1,1,1
"903",903,110707,54,235,1,1,1
"904",904,101848,38,234,6,1,1
"905",905,99634,38,234,7,0,1
"906",906,99412,38,232,1,0,1
"907",907,99191,38,232,0,7,1
"908",908,98748,39,231,1,7,1
"909",909,97863,39,230,1,7,1
"910",910,97641,39,230,1,1,1
"911",911,96312,39,229,1,7,1
"912",912,96091,39,229,1,7,1
"913",913,95869,39,228,0,7,1
"914",914,95206,39,228,0,1,1
"916",916,59995,47,176,2,2,1
"917",917,59553,47,173,3,2,1
"918",918,58889,48,170,3,0,1
"919",919,58003,48,166,3,2,1
"920",920,75276,48,162,3,0,1
"921",921,68632,48,161,3,0,1
"922",922,61989,48,154,3,0,1
"923",923,55124,49,146,3,0,1
"924",924,54016,49,141,3,2,1
"925",925,52910,49,134,2,0,1
"926",926,51581,49,129,2,0,1
"927",927,50695,49,132,2,0,1
"928",928,50030,55,128,2,2,1
"929",929,49588,55,133,2,0,1
"930",930,49145,50,129,2,2,1
"932",932,117350,36,239,5,0,1
"933",933,112921,36,238,5,0,1
"934",934,108491,37,235,5,0,1
"935",935,110707,37,234,6,0,1
"936",936,106277,37,230,5,1,1
"937",937,99634,37,228,6,0,1
"938",938,99412,37,224,6,0,1
"939",939,98306,37,230,5,0,1
"940",940,98969,38,229,5,0,1
"941",941,98084,54,221,5,0,1
"942",942,97863,38,217,5,0,1
"943",943,97641,38,216,5,0,1
"944",944,97420,38,209,5,0,1
"945",945,96755,39,205,5,0,1
"946",946,95648,39,201,4,0,1
"964",964,81254,41,164,3,1,1
"965",965,80590,41,164,4,1,1
"966",966,80368,41,163,4,0,1
"967",967,79925,41,162,4,1,1
"968",968,92990,42,162,4,0,1
"969",969,90776,42,161,4,0,1
"970",970,97420,42,161,4,0,1
"971",971,88562,42,157,4,0,1
"972",972,76825,42,154,4,0,1
"973",973,75719,43,151,4,0,1
"974",974,76604,43,148,4,1,1
"975",975,76161,43,144,4,0,1
"976",976,75939,43,142,4,0,1
"977",977,73946,43,139,4,1,1
"978",978,72397,54,135,3,0,1
"980",980,51138,49,140,3,0,1
"981",981,52688,49,139,3,1,1
"982",982,51802,49,139,3,1,1
"983",983,51138,49,137,3,0,1
"984",984,50473,55,136,2,0,1
"985",985,49367,55,134,2,0,1
"986",986,48259,50,132,2,0,1
"987",987,47373,50,128,2,0,1
"988",988,45602,50,122,2,1,1
"989",989,43608,50,117,1,1,1
"990",990,42059,50,99,2,0,1
"991",991,40508,50,108,2,0,1
"992",992,39623,50,104,2,1,1
"993",993,38737,50,99,2,1,1
"994",994,38737,51,96,2,0,1
"996",996,68632,42,159,3,0,1
"997",997,68411,42,159,3,0,1
"998",998,68189,43,163,4,0,1
"999",999,67746,43,159,4,0,1
"1000",1000,68411,43,158,4,0,1
"1001",1001,68854,43,162,4,0,1
"1002",1002,69297,54,164,4,0,1
"1003",1003,67968,54,170,4,0,1
"1004",1004,66860,44,176,3,0,1
"1005",1005,66417,44,172,3,0,1
"1006",1006,66639,44,170,3,0,1
"1007",1007,67082,44,169,3,0,1
"1008",1008,67082,45,168,3,0,1
"1009",1009,67303,45,166,3,0,1
"1010",1010,67303,45,166,3,0,1
"1012",1012,62210,41,146,4,0,1
"1013",1013,61324,42,146,5,0,1
"1014",1014,60438,42,143,6,0,1
"1015",1015,60438,42,141,1,0,1
"1016",1016,2863,43,140,5,1,1
"1017",1017,60881,43,139,4,0,1
"1018",1018,59995,43,137,3,0,1
"1019",1019,59332,54,137,3,1,1
"1020",1020,57781,44,136,3,0,1
"1021",1021,66417,44,135,2,0,1
"1022",1022,52467,44,134,3,1,1
"1023",1023,54681,45,134,3,1,1
"1024",1024,53795,45,133,3,1,1
"1025",1025,52910,45,132,3,1,1
"1026",1026,52245,46,130,4,0,1
"1028",1028,87455,54,172,5,0,1
"1029",1029,87012,41,174,5,1,1
"1030",1030,86569,41,174,6,0,1
"1031",1031,86126,42,176,5,0,1
"1032",1032,85462,42,173,5,1,1
"1033",1033,85019,42,171,5,0,1
"1034",1034,84576,42,169,5,1,1
"1035",1035,84133,43,166,4,0,1
"1036",1036,83690,43,165,4,0,1
"1037",1037,83025,43,163,4,0,1
"1038",1038,82361,43,161,4,0,1
"1039",1039,81697,43,159,5,0,1
"1040",1040,81033,54,157,4,1,1
"1041",1041,80368,44,155,4,0,1
"1042",1042,79704,44,154,4,1,1
"1044",1044,89890,37,223,4,1,1
"1045",1045,89669,37,219,4,0,1
"1046",1046,88562,37,219,4,0,1
"1047",1047,88119,37,219,4,1,1
"1048",1048,87455,37,217,4,0,1
"1049",1049,86790,38,217,4,0,1
"1050",1050,86569,54,217,4,0,1
"1051",1051,85241,38,217,4,0,1
"1052",1052,85019,38,216,5,0,1
"1053",1053,83912,38,214,5,0,1
"1054",1054,83912,38,217,5,0,1
"1055",1055,83025,39,213,5,0,1
"1056",1056,83025,39,209,4,0,1
"1057",1057,82582,39,205,4,0,1
"1058",1058,81254,39,201,4,0,1
"1060",1060,105170,53,260,5,0,1
"1061",1061,104949,54,260,5,0,1
"1062",1062,105170,38,257,5,0,1
"1063",1063,104285,38,256,5,0,1
"1064",1064,103620,38,253,5,0,1
"1065",1065,103177,38,253,5,0,1
"1066",1066,102734,38,251,5,0,1
"1067",1067,102513,39,251,5,0,1
"1068",1068,102069,39,250,5,0,1
"1069",1069,101848,39,248,5,0,1
"1070",1070,117350,39,252,5,0,1
"1071",1071,115135,39,244,1,0,1
"1072",1072,108491,39,239,6,0,1
"1073",1073,99634,39,238,5,0,1
"1074",1074,98969,40,235,5,0,1
"1076",1076,73060,50,174,3,105,5
"1077",1077,72175,50,173,2,10,1
"1078",1078,71511,50,171,2,10,1
"1079",1079,70403,51,165,2,10,1
"1080",1080,69517,51,161,2,1,1
"1081",1081,68632,51,162,2,10,1
"1082",1082,67525,51,158,2,10,1
"1083",1083,66860,51,155,2,96,5
"1084",1084,65975,51,152,2,94,5
"1085",1085,65089,51,149,2,93,5
"1086",1086,64203,52,147,2,91,4
"1087",1087,63538,52,140,2,1,1
"1088",1088,62653,52,137,2,2,1
"1089",1089,61767,52,136,2,14,2
"1090",1090,60881,52,136,2,0,1
"1092",1092,75054,48,190,1,21,2
"1093",1093,74611,48,190,2,2,1
"1094",1094,74168,48,186,1,20,2
"1095",1095,73725,48,183,1,2,1
"1096",1096,73282,49,180,1,20,2
"1097",1097,72839,49,176,1,2,1
"1098",1098,72397,49,176,1,19,2
"1099",1099,71954,55,168,2,19,2
"1100",1100,71511,50,166,2,2,1
"1101",1101,71289,50,169,1,2,1
"1102",1102,67082,50,168,1,18,2
"1103",1103,70625,50,165,1,2,1
"1104",1104,70182,51,163,1,0,1
"1105",1105,69739,51,163,1,0,1
"1106",1106,69297,51,164,1,2,1
"1108",1108,72839,38,157,3,0,1
"1109",1109,76382,39,159,3,3,1
"1110",1110,90776,39,162,3,3,1
"1111",1111,92990,39,161,2,0,1
"1112",1112,90776,39,161,2,0,1
"1113",1113,86347,39,159,3,2,1
"1114",1114,75939,40,159,2,2,1
"1115",1115,68411,40,158,2,0,1
"1116",1116,65754,40,158,2,2,1
"1117",1117,70403,40,157,2,0,1
"1118",1118,71289,40,154,3,0,1
"1119",1119,69739,40,149,2,2,1
"1124",1124,102291,37,256,4,0,1
"1125",1125,101848,38,256,5,0,1
"1126",1126,110707,54,254,5,0,1
"1127",1127,108491,38,254,5,0,1
"1128",1128,112921,38,251,5,0,1
"1129",1129,98969,38,248,5,0,1
"1130",1130,99191,39,248,5,0,1
"1131",1131,98526,39,244,4,0,1
"1132",1132,97420,39,244,4,0,1
"1133",1133,96755,39,243,4,0,1
"1134",1134,95869,40,238,4,0,1
"1135",1135,95206,40,235,4,0,1
"1136",1136,93877,40,231,4,0,1
"1137",1137,92990,40,230,4,0,1
"1138",1138,91662,40,228,4,0,1
"1140",1140,104506,37,226,4,0,1
"1141",1141,104285,37,224,4,0,1
"1142",1142,103620,37,224,4,0,1
"1143",1143,103620,37,223,4,0,1
"1144",1144,103399,37,222,4,0,1
"1145",1145,102956,37,221,4,0,1
"1146",1146,101848,37,223,4,0,1
"1147",1147,108491,37,222,4,0,1
"1148",1148,108491,38,222,4,0,1
"1149",1149,99634,53,223,4,0,1
"1150",1150,101848,54,224,4,0,1
"1151",1151,98969,38,226,4,0,1
"1152",1152,98084,38,217,4,0,1
"1153",1153,98084,38,215,4,0,1
"1154",1154,97198,38,216,4,0,1
"1156",1156,105170,37,229,5,0,1
"1157",1157,104728,37,231,5,1,1
"1158",1158,104063,37,232,5,5,1
"1159",1159,104063,38,230,5,5,1
"1160",1160,103620,38,230,5,5,1
"1161",1161,103177,54,229,5,0,1
"1162",1162,102956,38,229,5,5,1
"1163",1163,102513,38,227,5,0,1
"1164",1164,102291,38,226,5,5,1
"1165",1165,117350,38,223,5,5,1
"1166",1166,119564,39,221,5,5,1
"1167",1167,99412,39,219,5,0,1
"1168",1168,99634,39,216,5,0,1
"1169",1169,99191,39,213,5,0,1
"1170",1170,98306,39,212,4,0,1
"1172",1172,90333,40,188,3,0,1
"1173",1173,89890,40,188,3,0,1
"1174",1174,89226,40,188,3,0,1
"1175",1175,89004,41,188,3,0,1
"1176",1176,88562,54,187,3,0,1
"1177",1177,87898,41,187,3,0,1
"1178",1178,87455,41,186,3,0,1
"1179",1179,86790,41,185,3,0,1
"1180",1180,86347,42,185,2,0,1
"1181",1181,85241,42,184,3,0,1
"1182",1182,84798,42,169,3,0,1
"1183",1183,84355,42,178,2,0,1
"1184",1184,84133,43,176,3,0,1
"1185",1185,83468,43,166,3,0,1
"1186",1186,83247,43,172,3,0,1
"1188",1188,107385,47,217,1,0,1
"1189",1189,107385,47,217,1,0,1
"1190",1190,106942,47,217,0,0,1
"1191",1191,105170,47,215,1,0,1
"1192",1192,106277,48,215,5,0,1
"1193",1193,106277,48,214,5,0,1
"1194",1194,105613,48,214,5,0,1
"1195",1195,105391,48,214,5,0,1
"1196",1196,104949,48,213,5,0,1
"1197",1197,104063,48,213,5,0,1
"1198",1198,104285,48,212,5,0,1
"1199",1199,103842,49,212,5,0,1
"1200",1200,103620,49,210,4,0,1
"1201",1201,102956,49,209,4,0,1
"1202",1202,102069,49,208,4,0,1
"1204",1204,86347,37,192,4,0,1
"1205",1205,86126,37,192,4,1,1
"1206",1206,85683,37,190,5,1,1
"1207",1207,85462,37,192,5,1,1
"1208",1208,85019,37,193,5,0,1
"1209",1209,84798,53,198,5,1,1
"1210",1210,84355,54,198,5,1,1
"1211",1211,84133,38,198,5,1,1
"1212",1212,83690,38,199,5,0,1
"1213",1213,82804,39,200,5,0,1
"1214",1214,83025,39,197,5,0,1
"1215",1215,82582,39,193,5,0,1
"1216",1216,82140,39,191,6,0,1
"1217",1217,81697,39,187,6,0,1
"1218",1218,81254,40,186,6,0,1
"1220",1220,77268,40,214,2,1,1
"1221",1221,76382,40,214,2,0,1
"1222",1222,75497,54,210,2,1,1
"1223",1223,74168,41,207,3,0,1
"1224",1224,72617,41,208,2,1,1
"1225",1225,72617,41,209,2,0,1
"1226",1226,69960,41,209,2,0,1
"1227",1227,67082,42,210,2,1,1
"1228",1228,66417,42,206,2,0,1
"1229",1229,65532,42,201,3,0,1
"1230",1230,65754,42,197,2,0,1
"1231",1231,65089,42,192,2,0,1
"1232",1232,65754,42,187,2,1,1
"1233",1233,65089,42,183,2,1,1
"1234",1234,63981,43,180,2,1,1
"1236",1236,61767,49,169,3,0,1
"1237",1237,61103,55,169,3,4,1
"1238",1238,59995,55,169,3,4,1
"1239",1239,58003,50,169,3,3,1
"1240",1240,61989,50,169,2,0,1
"1241",1241,53352,50,164,2,0,1
"1242",1242,50695,50,161,2,3,1
"1243",1243,48259,50,157,3,0,1
"1244",1244,44937,50,152,2,0,1
"1245",1245,42280,51,151,2,0,1
"1246",1246,39845,51,143,2,0,1
"1247",1247,38515,51,135,2,0,1
"1248",1248,37851,51,139,2,0,1
"1249",1249,37408,51,137,3,3,1
"1250",1250,37408,51,137,3,0,1
"1252",1252,68854,33,178,0,0,1
"1253",1253,68189,33,178,0,0,1
"1254",1254,67968,33,178,1,0,1
"1255",1255,67525,33,178,1,0,1
"1256",1256,67082,34,178,1,0,1
"1257",1257,66860,34,178,7,0,1
"1258",1258,66639,34,174,7,0,1
"1259",1259,66417,34,177,8,0,1
"1260",1260,66417,34,180,1,0,1
"1261",1261,66195,34,181,1,0,1
"1262",1262,65975,35,184,1,0,1
"1263",1263,65754,53,174,6,0,1
"1264",1264,65532,35,176,5,0,1
"1265",1265,64867,35,161,5,0,1
"1266",1266,64424,36,156,5,0,1
"1300",1300,87233,53,226,3,0,1
"1301",1301,86569,54,219,3,0,1
"1302",1302,85904,38,220,3,0,1
"1303",1303,85462,38,223,3,0,1
"1304",1304,83690,38,226,4,0,1
"1305",1305,83247,38,230,4,0,1
"1306",1306,81697,38,229,4,0,1
"1307",1307,95206,39,228,4,0,1
"1308",1308,88562,39,228,4,0,1
"1309",1309,90776,39,224,4,0,1
"1310",1310,79704,39,220,4,0,1
"1311",1311,95206,39,216,3,0,1
"1312",1312,84133,39,212,4,0,1
"1313",1313,77268,39,205,3,0,1
"1314",1314,79704,39,199,3,0,1
"1316",1316,88119,36,194,4,0,1
"1317",1317,88341,37,194,4,0,1
"1318",1318,88562,37,194,4,0,1
"1319",1319,88562,37,193,4,0,1
"1320",1320,88341,37,194,4,0,1
"1321",1321,87898,37,193,4,0,1
"1322",1322,87455,37,192,5,0,1
"1323",1323,87233,37,190,5,0,1
"1324",1324,86569,38,193,5,0,1
"1325",1325,86126,53,199,5,0,1
"1326",1326,85683,54,205,5,0,1
"1327",1327,85241,38,212,5,0,1
"1328",1328,84576,38,216,1,0,1
"1329",1329,84133,38,214,1,0,1
"1330",1330,83468,39,213,1,0,1
"1332",1332,37851,46,165,1,0,1
"1333",1333,37851,46,169,7,0,1
"1334",1334,38072,54,168,6,0,1
"1335",1335,38294,54,168,7,0,1
"1336",1336,35637,47,166,1,0,1
"1337",1337,31872,47,165,6,0,1
"1338",1338,28329,47,164,5,0,1
"1339",1339,24786,47,163,5,0,1
"1340",1340,22793,47,164,4,0,1
"1341",1341,21021,47,164,4,0,1
"1342",1342,21686,48,164,4,0,1
"1343",1343,23236,48,162,4,0,1
"1344",1344,25229,48,161,4,0,1
"1345",1345,28329,48,159,4,0,1
"1346",1346,31651,48,151,4,0,1
"1348",1348,51138,48,155,1,0,1
"1349",1349,57781,48,154,5,0,1
"1350",1350,70846,48,151,0,0,1
"1351",1351,59774,48,150,6,0,1
"1352",1352,54681,48,151,7,0,1
"1353",1353,53573,48,152,8,0,1
"1354",1354,52245,49,154,7,0,1
"1355",1355,50695,49,155,1,0,1
"1356",1356,48038,49,156,1,0,1
"1357",1357,44937,49,157,5,0,1
"1358",1358,42059,49,158,5,0,1
"1359",1359,33201,49,159,2,0,1
"1360",1360,46488,55,161,3,0,1
"1361",1361,36523,55,162,4,0,1
"1362",1362,37408,55,141,3,0,1
"1380",1380,85019,37,231,4,0,1
"1381",1381,84133,38,230,4,0,1
"1382",1382,84133,53,231,4,0,1
"1383",1383,83690,54,234,4,0,1
"1384",1384,82804,54,235,4,0,1
"1385",1385,82361,38,232,4,0,1
"1386",1386,79925,38,231,4,0,1
"1387",1387,81919,38,230,3,0,1
"1388",1388,90776,38,230,3,0,1
"1389",1389,95206,38,228,3,0,1
"1390",1390,81033,38,229,3,0,1
"1391",1391,81033,39,223,4,0,1
"1392",1392,80590,39,217,4,0,1
"1393",1393,80147,39,210,3,0,1
"1394",1394,81033,39,202,4,0,1
"1396",1396,103399,53,201,4,0,1
"1397",1397,102734,54,201,4,0,1
"1398",1398,102069,54,201,4,0,1
"1399",1399,117350,38,201,4,0,1
"1400",1400,112921,38,199,4,0,1
"1401",1401,106277,38,197,5,0,1
"1402",1402,99634,38,197,4,0,1
"1403",1403,98969,39,197,4,0,1
"1404",1404,98306,39,197,4,0,1
"1405",1405,96977,39,197,4,0,1
"1406",1406,96755,39,197,5,0,1
"1407",1407,96534,39,198,4,0,1
"1408",1408,95869,39,197,5,0,1
"1409",1409,95206,40,195,4,0,1
"1410",1410,94763,40,197,4,0,1
"1412",1412,66639,55,159,2,0,1
"1413",1413,65754,50,159,2,2,1
"1414",1414,64867,50,158,2,2,1
"1415",1415,63760,50,158,2,2,1
"1416",1416,62653,50,158,3,0,1
"1417",1417,61546,50,152,3,0,1
"1418",1418,60438,50,149,2,2,1
"1419",1419,59553,51,146,3,2,1
"1420",1420,58446,51,144,3,0,1
"1421",1421,75276,51,143,3,1,1
"1422",1422,64203,51,141,3,0,1
"1423",1423,55124,51,139,3,1,1
"1424",1424,53795,51,136,3,1,1
"1425",1425,52467,51,135,3,0,1
"1426",1426,50695,51,133,3,0,1
"1428",1428,50030,50,164,7,0,1
"1429",1429,48038,50,164,1,1,1
"1430",1430,44937,50,164,7,0,1
"1431",1431,42280,50,163,7,1,1
"1432",1432,39623,50,158,1,0,1
"1433",1433,36523,50,155,0,0,1
"1434",1434,33201,50,151,1,1,1
"1435",1435,29880,51,152,5,0,1
"1436",1436,26779,51,151,5,1,1
"1437",1437,24343,51,152,5,0,1
"1438",1438,22350,51,156,4,0,1
"1439",1439,21242,51,159,4,1,1
"1440",1440,19914,51,161,3,0,1
"1441",1441,18807,51,157,3,1,1
"1442",1442,17921,51,164,4,1,1
"1444",1444,88119,44,191,2,0,1
"1445",1445,87676,44,190,2,0,1
"1446",1446,87455,45,190,2,0,1
"1447",1447,87012,45,191,2,2,1
"1448",1448,86569,45,188,2,2,1
"1449",1449,86347,45,186,2,0,1
"1450",1450,85904,46,185,2,0,1
"1451",1451,85683,46,183,2,2,1
"1452",1452,85462,46,187,2,2,1
"1453",1453,85019,54,190,2,2,1
"1454",1454,84576,47,187,2,0,1
"1455",1455,84355,47,180,2,0,1
"1456",1456,83912,47,179,2,2,1
"1457",1457,83468,48,178,2,0,1
"1458",1458,82804,48,174,2,0,1
"1460",1460,95648,48,187,8,0,1
"1461",1461,94984,48,184,6,0,1
"1462",1462,94320,48,180,5,0,1
"1463",1463,93655,49,177,5,0,1
"1464",1464,92326,49,174,4,0,1
"1465",1465,91441,49,177,5,0,1
"1466",1466,90555,55,177,5,0,1
"1467",1467,89447,50,178,4,0,1
"1468",1468,88562,50,179,4,0,1
"1469",1469,87012,50,180,5,0,1
"1470",1470,85019,50,181,3,0,1
"1471",1471,83468,51,177,3,0,1
"1472",1472,81476,51,179,3,0,1
"1473",1473,95206,51,177,3,0,1
"1474",1474,76604,51,171,5,0,1
"1476",1476,50473,49,135,4,1,1
"1477",1477,49367,49,133,4,1,1
"1478",1478,49145,49,129,4,0,1
"1479",1479,48259,49,127,4,0,1
"1480",1480,47594,55,125,4,0,1
"1481",1481,46488,55,122,4,0,1
"1482",1482,45380,50,107,4,1,1
"1483",1483,44273,50,114,4,0,1
"1484",1484,42723,50,111,4,0,1
"1485",1485,41173,50,107,4,1,1
"1486",1486,39402,50,104,4,0,1
"1487",1487,37629,50,100,3,0,1
"1488",1488,35858,51,97,4,1,1
"1489",1489,44273,51,93,4,1,1
"1490",1490,32758,51,91,4,0,1
"1492",1492,102734,35,206,6,0,1
"1493",1493,102069,35,205,6,0,1
"1494",1494,101848,36,203,6,0,1
"1495",1495,115135,36,212,5,0,1
"1496",1496,106277,36,209,5,0,1
"1497",1497,104063,36,207,5,0,1
"1498",1498,99634,36,209,5,0,1
"1499",1499,98748,36,207,5,0,1
"1500",1500,98084,36,212,5,0,1
"1501",1501,97420,36,212,5,0,1
"1502",1502,96755,37,205,5,0,1
"1503",1503,96312,37,200,5,0,1
"1504",1504,95648,37,200,4,0,1
"1505",1505,94763,37,199,4,0,1
"1506",1506,94098,37,200,4,0,1
"1509",1509,61989,55,139,2,0,1
"1510",1510,61324,47,135,2,0,1
"1511",1511,60881,47,130,2,0,1
"1512",1512,60217,47,129,1,0,1
"1513",1513,59774,47,128,2,0,1
"1514",1514,59110,48,122,2,0,1
"1515",1515,58446,48,123,2,0,1
"1516",1516,58003,48,126,2,0,1
"1517",1517,75276,48,123,2,0,1
"1518",1518,68632,48,123,2,0,1
"1519",1519,64203,49,118,3,0,1
"1520",1520,61989,49,117,2,0,1
"1521",1521,59774,49,115,3,0,1
"1522",1522,57560,49,115,2,0,1
"1523",1523,55345,49,114,3,0,1
"1525",1525,86790,46,210,3,0,1
"1526",1526,86569,46,210,3,0,1
"1527",1527,86126,46,206,3,0,1
"1528",1528,85462,46,203,3,0,1
"1529",1529,84798,54,202,3,0,1
"1530",1530,83690,54,200,3,0,1
"1531",1531,83468,47,198,3,0,1
"1532",1532,83912,47,197,2,0,1
"1533",1533,81476,47,195,2,0,1
"1534",1534,82140,47,191,2,0,1
"1535",1535,81697,47,188,2,0,1
"1536",1536,80811,48,186,2,0,1
"1537",1537,80811,48,185,2,0,1
"1538",1538,80811,48,181,2,0,1
"1539",1539,79704,48,180,2,0,1
"1541",1541,92104,37,192,4,0,1
"1542",1542,92104,37,190,4,10,1
"1543",1543,91441,38,187,3,0,1
"1544",1544,90998,53,186,4,0,1
"1545",1545,89890,54,185,4,10,1
"1546",1546,90112,38,185,4,1,1
"1547",1547,89890,38,183,4,1,1
"1548",1548,90776,39,183,3,9,1
"1549",1549,90333,39,181,3,0,1
"1550",1550,89226,39,181,4,1,1
"1551",1551,89447,39,180,3,1,1
"1552",1552,88562,39,178,3,0,1
"1553",1553,88562,40,174,3,0,1
"1554",1554,88562,40,174,3,0,1
"1555",1555,88119,40,172,3,1,1
"1574",1574,73946,40,212,3,0,1
"1575",1575,73282,54,210,2,0,1
"1576",1576,72617,41,210,2,0,1
"1577",1577,71511,41,209,2,0,1
"1578",1578,69297,42,206,3,0,1
"1579",1579,70625,42,200,3,0,1
"1580",1580,71732,42,195,3,0,1
"1581",1581,68411,43,191,3,0,1
"1582",1582,66417,43,187,3,0,1
"1583",1583,65311,43,177,3,0,1
"1584",1584,64203,43,170,3,0,1
"1585",1585,64203,54,162,3,0,1
"1586",1586,63760,44,157,3,0,1
"1587",1587,62432,44,149,3,0,1
"1588",1588,61546,44,143,3,0,1
"1590",1590,90555,38,215,4,0,1
"1591",1591,90333,53,215,4,0,1
"1592",1592,89890,54,215,4,0,1
"1593",1593,89447,38,215,4,0,1
"1594",1594,89226,38,214,4,0,1
"1595",1595,88562,38,209,4,0,1
"1596",1596,87676,39,205,3,0,1
"1597",1597,86790,39,198,4,0,1
"1598",1598,85904,39,193,5,0,1
"1599",1599,85462,39,188,5,0,1
"1600",1600,85241,39,186,5,0,1
"1601",1601,85241,40,40,5,0,1
"1602",1602,85019,40,40,5,0,1
"1603",1603,84798,40,40,5,0,1
"1604",1604,84133,40,40,4,0,1
"1606",1606,86569,39,180,3,0,1
"1607",1607,86126,39,180,3,3,1
"1608",1608,85462,39,174,3,3,1
"1609",1609,84798,40,170,3,3,1
"1610",1610,83690,40,164,3,0,1
"1611",1611,82582,40,162,3,3,1
"1612",1612,81476,40,159,3,3,1
"1613",1613,80590,54,156,3,3,1
"1614",1614,79704,41,156,3,0,1
"1615",1615,92990,41,154,3,0,1
"1616",1616,81919,41,151,3,0,1
"1617",1617,77268,42,148,3,2,1
"1618",1618,76382,42,142,3,2,1
"1619",1619,75276,42,139,2,2,1
"1620",1620,74389,42,133,2,2,1
"1622",1622,48038,49,146,4,2,1
"1623",1623,44937,49,146,3,2,1
"1624",1624,43830,49,147,3,0,1
"1625",1625,42723,55,150,3,0,1
"1626",1626,42059,55,148,3,0,1
"1627",1627,41616,55,147,3,0,1
"1628",1628,40287,50,142,3,2,1
"1629",1629,37851,50,135,3,2,1
"1630",1630,35858,50,132,4,2,1
"1631",1631,50916,50,125,4,0,1
"1632",1632,42059,50,121,3,0,1
"1633",1633,35415,50,118,4,2,1
"1634",1634,32758,50,112,4,2,1
"1635",1635,32094,50,107,3,2,1
"1636",1636,30986,51,103,3,0,1
"1638",1638,69517,49,146,1,4,1
"1639",1639,69075,49,146,1,4,1
"1640",1640,68411,49,146,1,0,1
"1641",1641,67746,55,146,1,0,1
"1642",1642,67303,50,142,1,0,1
"1643",1643,66860,50,139,1,0,1
"1644",1644,53573,50,135,1,4,1
"1645",1645,65311,50,134,1,4,1
"1646",1646,64646,50,133,1,4,1
"1647",1647,63981,51,132,1,4,1
"1648",1648,63095,51,130,1,0,1
"1649",1649,62432,51,129,1,4,1
"1650",1650,61546,51,128,1,0,1
"1651",1651,60881,51,128,1,4,1
"1652",1652,59995,51,127,1,0,1
"1654",1654,68411,45,176,5,0,1
"1655",1655,68854,45,174,5,0,1
"1656",1656,68189,46,173,5,0,1
"1657",1657,64867,46,173,5,0,1
"1658",1658,61989,46,172,4,0,1
"1659",1659,60660,46,172,5,0,1
"1660",1660,59110,54,171,4,0,1
"1661",1661,55345,47,171,4,0,1
"1662",1662,48702,47,172,4,0,1
"1663",1663,44494,47,174,4,0,1
"1664",1664,43608,47,176,4,0,1
"1665",1665,44273,48,176,4,0,1
"1666",1666,45823,48,177,3,0,1
"1667",1667,47594,48,176,3,0,1
"1668",1668,49588,48,173,3,0,1
"1671",1671,76604,50,184,3,2,1
"1672",1672,75939,50,183,3,0,1
"1673",1673,75054,50,183,3,2,1
"1674",1674,73946,50,179,4,2,1
"1675",1675,73060,51,169,4,0,1
"1676",1676,71954,51,162,4,0,1
"1677",1677,70846,51,157,4,2,1
"1678",1678,69960,51,156,3,2,1
"1679",1679,68632,51,151,3,0,1
"1680",1680,67303,51,149,3,0,1
"1681",1681,65754,52,148,3,0,1
"1682",1682,64867,52,147,3,0,1
"1683",1683,62210,52,140,3,2,1
"1684",1684,62432,52,144,3,2,1
"1685",1685,60881,52,143,3,0,1
"1687",1687,103399,37,250,1,0,1
"1688",1688,102734,38,250,7,0,1
"1689",1689,102069,54,250,6,1,1
"1690",1690,102069,38,239,1,0,1
"1691",1691,117350,38,237,1,1,1
"1692",1692,112921,38,236,1,0,1
"1693",1693,106277,39,235,5,1,1
"1694",1694,104063,39,232,5,1,1
"1695",1695,99191,39,231,5,0,1
"1696",1696,98306,39,230,5,1,1
"1697",1697,97863,39,231,5,1,1
"1698",1698,96755,40,231,5,0,1
"1699",1699,96091,40,236,5,1,1
"1700",1700,95869,40,234,4,0,1
"1701",1701,95426,40,231,4,1,1
"1719",1719,87455,40,174,5,0,1
"1720",1720,86126,40,173,5,0,1
"1721",1721,86126,40,173,5,0,1
"1722",1722,87455,54,173,4,0,1
"1723",1723,84576,54,172,4,0,1
"1724",1724,84576,41,171,4,0,1
"1725",1725,83025,41,169,4,0,1
"1726",1726,83025,41,168,4,0,1
"1727",1727,84133,42,168,4,0,1
"1728",1728,80147,42,168,3,0,1
"1729",1729,79704,42,168,3,0,1
"1730",1730,90776,42,168,3,0,1
"1731",1731,88562,43,164,3,0,1
"1732",1732,84133,43,161,3,0,1
"1733",1733,84133,43,157,3,0,1
"1735",1735,58446,50,101,3,2,1
"1736",1736,75276,50,101,3,1,1
"1737",1737,61989,50,99,3,1,1
"1738",1738,54016,50,96,4,0,1
"1739",1739,51359,50,92,4,1,1
"1740",1740,48924,50,89,4,1,1
"1741",1741,46488,51,86,4,1,1
"1742",1742,44716,51,84,4,1,1
"1743",1743,43166,51,83,4,0,1
"1744",1744,41394,51,81,4,1,1
"1745",1745,39623,51,76,4,0,1
"1746",1746,37851,51,75,3,0,1
"1747",1747,36301,51,74,4,0,1
"1748",1748,46488,51,74,4,1,1
"1749",1749,33201,51,72,3,1,1
"1751",1751,41173,48,156,2,0,1
"1752",1752,40287,48,154,2,1,1
"1753",1753,39180,49,152,2,14,2
"1754",1754,38294,49,151,2,1,1
"1755",1755,37629,49,150,2,13,1
"1756",1756,36744,49,148,2,1,1
"1757",1757,53130,49,147,2,0,1
"1758",1758,44273,55,146,2,1,1
"1759",1759,32758,50,144,2,1,1
"1760",1760,31429,50,143,2,11,1
"1761",1761,29880,50,139,2,11,1
"1762",1762,28993,50,134,2,11,1
"1763",1763,28107,50,129,1,1,1
"1764",1764,27443,50,133,2,10,1
"1765",1765,26779,50,128,1,0,1
"1768",1768,103177,53,245,6,0,1
"1769",1769,102956,54,243,5,0,1
"1770",1770,102513,38,244,5,0,1
"1771",1771,102069,38,244,5,0,1
"1772",1772,101848,38,242,5,0,1
"1773",1773,119564,38,242,5,0,1
"1774",1774,112921,39,244,5,0,1
"1775",1775,110707,39,244,5,0,1
"1776",1776,108491,39,243,5,0,1
"1777",1777,101848,39,244,5,0,1
"1778",1778,99191,39,243,5,0,1
"1779",1779,98306,39,238,6,0,1
"1780",1780,97198,40,238,5,0,1
"1781",1781,96977,40,243,5,0,1
"1782",1782,96312,40,238,5,0,1
"1800",1800,69075,48,130,1,15,2
"1801",1801,68632,48,129,1,15,2
"1802",1802,67968,49,128,1,14,2
"1803",1803,67525,49,127,2,14,2
"1804",1804,66639,49,127,2,0,1
"1805",1805,65975,49,125,2,0,1
"1806",1806,65532,55,125,2,1,1
"1807",1807,65089,55,118,2,1,1
"1808",1808,64646,50,115,2,1,1
"1809",1809,61767,50,111,2,1,1
"1810",1810,63538,50,105,1,0,1
"1811",1811,63095,50,105,1,0,1
"1812",1812,62432,50,104,1,12,1
"1813",1813,61989,50,103,1,1,1
"1814",1814,61546,51,101,1,11,1
"1817",1817,94320,39,191,5,0,1
"1818",1818,94098,39,190,5,0,1
"1819",1819,93434,39,188,4,0,1
"1820",1820,93655,39,190,4,0,1
"1821",1821,91884,40,188,5,0,1
"1822",1822,92547,40,188,4,0,1
"1823",1823,91884,40,188,4,0,1
"1824",1824,91662,40,190,4,0,1
"1825",1825,91219,41,190,4,0,1
"1826",1826,90333,54,190,4,0,1
"1827",1827,90333,41,188,5,0,1
"1828",1828,89669,41,188,4,0,1
"1829",1829,90112,41,186,5,0,1
"1830",1830,89669,42,184,4,0,1
"1831",1831,90112,42,180,4,0,1
"1833",1833,61324,41,156,2,1,1
"1834",1834,60660,42,156,3,1,1
"1835",1835,60217,42,155,2,0,1
"1836",1836,59774,42,155,3,1,1
"1837",1837,59332,42,151,2,0,1
"1838",1838,58889,43,147,2,1,1
"1839",1839,58446,43,143,3,1,1
"1840",1840,57781,43,140,2,1,1
"1841",1841,73060,43,135,3,0,1
"1842",1842,64203,43,132,4,0,1
"1843",1843,55124,54,128,5,1,1
"1844",1844,54459,44,123,4,0,1
"1845",1845,53795,44,120,4,0,1
"1846",1846,53352,44,117,4,0,1
"1847",1847,52910,44,112,2,0,1
"1849",1849,86126,41,183,6,1,1
"1850",1850,85904,41,183,1,0,1
"1851",1851,85462,41,183,1,1,1
"1852",1852,85019,42,183,5,1,1
"1853",1853,84576,42,184,5,0,1
"1854",1854,84133,42,180,5,0,1
"1855",1855,83468,42,178,4,0,1
"1856",1856,83025,43,179,4,0,1
"1857",1857,82582,43,180,4,0,1
"1858",1858,82140,43,183,4,0,1
"1859",1859,81697,43,180,3,0,1
"1860",1860,81254,43,187,3,0,1
"1861",1861,80811,54,181,4,0,1
"1862",1862,80147,44,177,4,0,1
"1863",1863,97420,44,174,5,0,1
"1865",1865,89226,39,195,3,0,1
"1866",1866,89226,40,195,3,0,1
"1867",1867,88341,40,195,3,0,1
"1868",1868,87455,40,195,3,2,1
"1869",1869,85683,40,194,3,2,1
"1870",1870,85904,40,194,3,0,1
"1871",1871,86126,54,193,3,0,1
"1872",1872,86347,54,193,3,2,1
"1873",1873,86790,41,191,2,2,1
"1874",1874,83690,41,191,3,0,1
"1875",1875,82361,41,188,2,2,1
"1876",1876,82140,42,194,3,2,1
"1877",1877,83247,42,201,3,0,1
"1878",1878,82804,42,195,3,2,1
"1879",1879,80590,42,197,3,2,1
"1881",1881,73946,48,176,3,0,1
"1882",1882,73282,48,176,2,1,1
"1883",1883,73282,49,174,2,8,1
"1884",1884,73060,49,173,2,1,1
"1885",1885,72839,49,172,2,8,1
"1886",1886,73060,49,176,2,1,1
"1887",1887,71954,49,173,2,1,1
"1888",1888,71954,49,172,2,1,1
"1889",1889,71511,55,173,2,1,1
"1890",1890,70846,55,174,2,7,1
"1891",1891,71511,50,174,2,7,1
"1892",1892,71289,50,174,2,1,1
"1893",1893,70403,50,172,1,0,1
"1894",1894,70403,50,172,2,6,1
"1895",1895,70403,50,172,2,6,1
"1897",1897,93655,38,230,4,0,1
"1898",1898,93212,54,219,4,0,1
"1899",1899,92547,38,217,4,0,1
"1900",1900,92326,38,219,4,0,1
"1901",1901,91441,38,215,4,0,1
"1902",1902,90112,39,215,4,0,1
"1903",1903,89669,39,214,4,3,1
"1904",1904,89226,39,214,4,0,1
"1905",1905,89004,39,214,3,3,1
"1906",1906,88562,39,212,3,3,1
"1907",1907,88341,39,220,3,3,1
"1908",1908,87898,40,217,3,0,1
"1909",1909,87455,40,214,4,0,1
"1910",1910,86790,40,210,3,0,1
"1911",1911,85683,40,209,3,3,1
"1913",1913,119564,53,235,5,0,1
"1914",1914,112921,54,229,5,0,1
"1915",1915,106277,38,229,6,0,1
"1916",1916,104063,38,228,1,0,1
"1917",1917,98748,38,226,1,0,1
"1918",1918,98084,39,226,1,0,1
"1919",1919,97420,39,223,6,0,1
"1920",1920,96755,39,219,5,0,1
"1921",1921,96312,39,219,6,0,1
"1922",1922,94541,40,219,6,0,1
"1923",1923,95206,40,224,6,0,1
"1924",1924,93655,40,223,5,0,1
"1925",1925,93434,40,224,5,0,1
"1926",1926,92769,54,222,5,0,1
"1927",1927,92104,54,220,5,0,1
"1945",1945,88119,38,210,3,0,1
"1946",1946,87676,38,210,3,2,1
"1947",1947,87233,38,217,3,0,1
"1948",1948,87012,39,222,3,0,1
"1949",1949,85019,39,223,3,0,1
"1950",1950,84355,39,219,3,0,1
"1951",1951,84355,39,210,3,0,1
"1952",1952,83912,39,203,3,0,1
"1953",1953,83025,40,199,3,0,1
"1954",1954,81697,40,195,3,2,1
"1955",1955,81254,40,190,3,2,1
"1956",1956,79925,40,185,3,2,1
"1957",1957,92990,40,179,2,0,1
"1958",1958,95206,40,176,2,0,1
"1959",1959,92990,40,173,2,2,1
"1961",1961,67968,55,165,4,1,1
"1962",1962,66860,55,165,4,0,1
"1963",1963,65532,50,162,4,0,1
"1964",1964,63760,50,158,4,0,1
"1965",1965,61546,50,156,4,0,1
"1966",1966,57560,50,158,4,1,1
"1967",1967,73060,50,161,4,0,1
"1968",1968,54459,51,157,5,0,1
"1969",1969,50030,51,148,0,0,1
"1970",1970,44937,51,142,4,1,1
"1971",1971,40730,51,135,3,1,1
"1972",1972,37629,51,128,4,0,1
"1973",1973,48702,51,123,2,0,1
"1974",1974,30101,51,122,2,0,1
"1975",1975,29437,52,117,2,0,1
"2010",2010,85904,34,190,4,0,1
"2011",2011,85462,34,190,4,0,1
"2012",2012,84576,34,190,3,0,1
"2013",2013,84133,34,190,3,0,1
"2014",2014,83247,34,190,3,0,1
"2015",2015,90776,34,190,3,0,1
"2016",2016,83025,35,190,2,0,1
"2017",2017,82361,53,190,3,0,1
"2018",2018,81919,53,187,3,0,1
"2019",2019,81033,35,186,2,0,1
"2020",2020,80590,35,184,2,0,1
"2021",2021,97420,36,183,3,0,1
"2022",2022,90776,36,180,3,0,1
"2023",2023,88562,36,179,3,0,1
"2024",2024,81919,36,180,3,0,1
"2027",2027,71511,55,169,5,0,1
"2028",2028,71068,47,168,6,0,1
"2029",2029,70625,47,165,5,0,1
"2030",2030,69960,47,163,3,0,1
"2031",2031,69075,48,163,3,0,1
"2032",2032,68189,48,157,4,0,1
"2033",2033,67303,48,161,3,0,1
"2034",2034,66639,48,159,4,0,1
"2035",2035,65754,48,158,4,0,1
"2036",2036,64867,49,156,1,0,1
"2037",2037,63760,49,154,6,0,1
"2038",2038,62874,49,152,6,0,1
"2039",2039,62210,49,151,0,0,1
"2040",2040,61546,49,149,1,0,1
"2041",2041,61103,55,148,5,0,1
"2059",2059,69517,48,146,3,1,1
"2060",2060,68632,49,141,2,0,1
"2061",2061,67746,49,136,2,0,1
"2062",2062,66195,49,132,2,0,1
"2063",2063,64867,49,129,3,1,1
"2064",2064,63095,49,127,3,0,1
"2065",2065,61546,55,122,3,0,1
"2066",2066,59995,55,119,3,1,1
"2067",2067,58224,50,117,3,1,1
"2068",2068,66417,50,114,3,1,1
"2069",2069,54681,50,112,3,0,1
"2070",2070,53130,50,108,3,0,1
"2071",2071,51802,50,106,3,0,1
"2072",2072,50695,50,103,3,0,1
"2073",2073,49810,50,100,3,0,1
"2075",2075,89447,38,206,1,0,1
"2076",2076,89226,38,203,0,1,1
"2077",2077,88341,38,202,6,0,1
"2078",2078,87676,39,197,6,0,1
"2079",2079,87233,39,198,1,1,1
"2080",2080,86569,39,198,6,0,1
"2081",2081,86347,39,197,1,0,1
"2082",2082,85904,39,197,0,1,1
"2083",2083,85462,40,195,5,1,1
"2084",2084,84133,40,193,5,0,1
"2085",2085,84133,40,192,5,1,1
"2086",2086,84133,40,191,5,0,1
"2087",2087,83912,40,193,5,1,1
"2088",2088,84355,40,192,4,0,1
"2089",2089,83247,41,191,4,1,1
"2091",2091,84133,45,193,2,0,1
"2092",2092,83912,45,197,2,0,1
"2093",2093,83468,45,197,3,0,1
"2094",2094,83247,45,194,2,0,1
"2095",2095,82804,46,193,2,0,1
"2096",2096,82582,46,193,1,0,1
"2097",2097,82361,46,193,1,0,1
"2098",2098,82361,46,192,2,0,1
"2099",2099,82361,54,192,2,0,1
"2100",2100,82361,55,180,2,0,1
"2101",2101,82140,47,183,2,0,1
"2102",2102,82140,47,180,3,0,1
"2103",2103,82140,47,180,2,0,1
"2104",2104,81919,47,181,2,0,1
"2105",2105,81476,48,183,3,0,1
"2107",2107,28993,48,150,7,0,1
"2108",2108,42059,49,148,7,0,1
"2109",2109,32537,49,146,6,0,1
"2110",2110,30765,49,143,7,1,1
"2111",2111,28993,49,141,1,0,1
"2112",2112,26779,49,139,8,0,1
"2113",2113,24786,55,136,1,1,1
"2114",2114,22793,55,135,0,0,1
"2115",2115,20579,50,133,1,0,1
"2116",2116,18364,50,130,7,0,1
"2117",2117,16150,50,128,7,0,1
"2118",2118,14378,50,126,7,0,1
"2119",2119,28772,50,123,7,0,1
"2120",2120,13271,50,121,7,0,1
"2121",2121,8842,50,118,8,0,1
"2155",2155,115135,38,244,5,0,1
"2156",2156,110707,38,235,5,0,1
"2157",2157,104063,38,235,5,0,1
"2158",2158,99191,39,237,6,0,1
"2159",2159,98526,39,236,6,0,1
"2160",2160,97641,39,236,5,0,1
"2161",2161,97198,39,236,5,0,1
"2162",2162,95869,39,235,5,0,1
"2163",2163,95426,39,234,5,0,1
"2164",2164,94098,40,229,5,0,1
"2165",2165,93434,40,232,5,0,1
"2166",2166,91884,40,227,5,0,1
"2167",2167,92104,40,221,5,0,1
"2168",2168,91219,40,210,5,0,1
"2169",2169,90776,41,209,5,0,1
"2171",2171,74833,41,151,3,0,1
"2172",2172,74833,41,150,3,0,1
"2173",2173,74611,41,149,3,0,1
"2174",2174,74168,42,149,3,0,1
"2175",2175,73725,42,148,4,0,1
"2176",2176,73282,42,148,4,0,1
"2177",2177,73060,42,147,3,0,1
"2178",2178,72175,43,144,4,0,1
"2179",2179,72175,43,137,4,0,1
"2180",2180,71732,43,136,4,0,1
"2181",2181,71068,43,134,3,0,1
"2182",2182,70403,54,133,3,0,1
"2183",2183,69739,44,125,4,0,1
"2184",2184,69075,44,117,4,0,1
"2185",2185,68189,44,123,2,0,1
"2203",2203,59774,54,191,5,4,1
"2204",2204,75276,41,188,5,4,1
"2205",2205,53573,41,188,5,0,1
"2206",2206,52910,41,188,5,4,1
"2207",2207,50916,42,188,5,0,1
"2208",2208,47594,42,188,5,0,1
"2209",2209,44937,42,190,4,4,1
"2210",2210,43166,42,190,4,4,1
"2211",2211,42059,43,190,4,0,1
"2212",2212,41616,43,190,4,0,1
"2213",2213,41394,43,190,4,0,1
"2214",2214,42059,43,190,5,4,1
"2215",2215,44051,43,190,5,4,1
"2216",2216,46488,54,191,5,4,1
"2217",2217,49367,54,191,5,4,1
"2235",2235,105391,36,244,5,0,1
"2236",2236,104949,36,243,5,0,1
"2237",2237,104063,37,239,5,0,1
"2238",2238,104285,37,236,5,4,1
"2239",2239,103842,37,230,5,4,1
"2240",2240,103177,37,229,5,4,1
"2241",2241,102513,37,227,5,0,1
"2242",2242,119564,37,226,5,0,1
"2243",2243,117350,38,224,5,4,1
"2244",2244,101848,54,223,5,4,1
"2245",2245,101848,38,221,5,3,1
"2246",2246,98306,38,221,5,3,1
"2247",2247,98526,38,222,4,3,1
"2248",2248,98306,38,222,4,0,1
"2249",2249,97641,39,222,4,0,1
"2251",2251,87898,49,202,2,0,1
"2252",2252,87676,49,200,2,0,1
"2253",2253,87455,49,199,2,0,1
"2254",2254,87455,55,198,2,0,1
"2255",2255,87455,50,197,2,0,1
"2256",2256,81476,50,195,2,0,1
"2257",2257,82582,50,194,2,0,1
"2258",2258,85683,50,193,2,0,1
"2259",2259,85904,50,192,3,0,1
"2260",2260,86790,51,190,3,0,1
"2261",2261,75497,51,188,2,0,1
"2262",2262,86126,51,187,2,0,1
"2263",2263,85683,51,186,2,0,1
"2264",2264,83468,51,185,2,0,1
"2265",2265,80811,51,184,2,0,1
"2283",2283,80590,39,187,3,0,1
"2284",2284,80147,39,187,3,0,1
"2285",2285,80368,39,187,4,0,1
"2286",2286,90776,39,185,3,0,1
"2287",2287,84133,39,183,3,0,1
"2288",2288,77490,40,180,3,0,1
"2289",2289,77047,40,178,3,0,1
"2290",2290,76382,40,176,3,0,1
"2291",2291,75939,40,173,3,0,1
"2292",2292,75054,41,171,4,0,1
"2293",2293,73725,54,169,4,0,1
"2294",2294,73060,41,166,4,0,1
"2295",2295,72839,41,168,4,0,1
"2296",2296,72397,41,168,5,0,1
"2297",2297,71732,42,169,6,0,1
"2299",2299,104728,38,223,7,0,1
"2300",2300,103842,38,223,7,0,1
"2301",2301,103399,38,223,7,1,1
"2302",2302,103399,39,226,7,1,1
"2303",2303,102956,39,223,5,1,1
"2304",2304,102734,39,223,6,1,1
"2305",2305,102069,39,222,5,1,1
"2306",2306,119564,39,223,5,0,1
"2307",2307,117350,39,224,5,0,1
"2308",2308,110707,39,226,5,0,1
"2309",2309,106277,39,226,6,1,1
"2310",2310,104063,40,224,5,1,1
"2311",2311,99412,40,224,5,1,1
"2312",2312,99191,40,224,5,0,1
"2313",2313,98748,40,224,5,0,1
"2315",2315,106720,39,224,7,1,1
"2316",2316,106277,39,223,7,0,1
"2317",2317,105613,39,222,7,1,1
"2318",2318,105391,39,221,6,1,1
"2319",2319,104728,39,219,7,0,1
"2320",2320,104285,39,217,6,1,1
"2321",2321,104063,40,217,1,1,1
"2322",2322,103399,40,217,0,1,1
"2323",2323,102956,40,216,1,1,1
"2324",2324,102069,40,216,1,1,1
"2325",2325,101848,40,215,1,1,1
"2326",2326,110707,40,214,1,0,1
"2327",2327,108491,40,216,1,1,1
"2328",2328,104063,40,216,1,1,1
"2329",2329,98969,54,215,6,0,1
"2331",2331,76604,44,171,4,1,1
"2332",2332,75939,44,170,4,0,1
"2333",2333,74833,44,169,4,0,1
"2334",2334,73282,45,169,3,1,1
"2335",2335,71511,45,169,4,0,1
"2336",2336,70182,45,169,3,1,1
"2337",2337,69517,45,165,3,0,1
"2338",2338,68854,45,166,3,1,1
"2339",2339,68411,45,164,3,0,1
"2340",2340,67525,46,163,3,1,1
"2341",2341,68411,46,162,3,1,1
"2342",2342,66860,46,157,2,1,1
"2343",2343,64867,46,154,2,1,1
"2344",2344,64203,46,152,3,1,1
"2345",2345,63538,46,151,3,0,1
"2347",2347,87676,46,198,2,6,1
"2348",2348,87455,46,198,2,1,1
"2349",2349,87012,55,199,2,6,1
"2350",2350,86569,47,194,2,0,1
"2351",2351,86126,47,192,2,0,1
"2352",2352,85683,48,191,2,5,1
"2353",2353,85241,48,190,2,1,1
"2354",2354,84798,48,183,2,5,1
"2355",2355,84133,49,184,2,5,1
"2356",2356,83025,49,179,2,1,1
"2357",2357,81033,49,178,2,0,1
"2358",2358,81254,55,177,2,5,1
"2359",2359,80590,55,173,2,1,1
"2360",2360,80147,50,170,2,5,1
"2361",2361,79925,50,166,2,1,1
"2363",2363,73060,50,185,1,0,1
"2364",2364,72397,51,185,1,0,1
"2365",2365,71732,51,185,0,0,1
"2366",2366,71289,51,185,0,0,1
"2367",2367,70625,51,184,0,0,1
"2368",2368,69960,51,180,0,0,1
"2369",2369,69075,51,176,0,0,1
"2370",2370,68189,51,171,0,0,1
"2371",2371,66195,51,168,0,0,1
"2372",2372,63538,51,163,1,0,1
"2373",2373,60438,52,158,1,0,1
"2374",2374,57560,52,154,1,0,1
"2375",2375,59774,52,154,2,0,1
"2376",2376,54016,52,154,2,0,1
"2377",2377,52467,52,40,2,0,1
"2379",2379,54681,49,179,3,1,1
"2380",2380,54016,49,179,3,0,1
"2381",2381,52910,49,179,3,1,1
"2382",2382,51581,49,173,3,1,1
"2383",2383,49588,49,168,3,0,1
"2384",2384,48038,55,163,4,0,1
"2385",2385,46930,55,157,3,1,1
"2386",2386,46266,50,163,3,0,1
"2387",2387,45823,50,158,3,0,1
"2388",2388,44273,50,157,3,0,1
"2389",2389,44051,50,156,3,0,1
"2390",2390,43608,50,155,3,0,1
"2391",2391,43608,50,152,3,0,1
"2392",2392,43387,50,149,2,0,1
"2393",2393,43387,51,148,2,0,1
"2395",2395,84798,34,206,3,0,1
"2396",2396,84576,34,206,3,0,1
"2397",2397,84133,34,207,2,0,1
"2398",2398,83912,34,207,3,0,1
"2399",2399,83690,34,207,3,0,1
"2400",2400,83025,34,208,3,0,1
"2401",2401,83247,35,208,3,0,1
"2402",2402,83025,53,208,3,0,1
"2403",2403,82804,53,209,3,0,1
"2404",2404,82582,35,209,4,0,1
"2405",2405,82361,35,209,3,0,1
"2406",2406,81919,36,199,3,0,1
"2407",2407,81697,36,197,3,0,1
"2408",2408,81476,36,193,3,0,1
"2409",2409,81033,36,199,3,0,1
"2411",2411,79925,42,187,3,0,1
"2412",2412,79704,42,187,3,0,1
"2413",2413,95206,43,186,3,0,1
"2414",2414,90776,43,186,3,0,1
"2415",2415,86347,43,185,3,0,1
"2416",2416,79704,43,185,4,0,1
"2417",2417,77268,54,184,2,0,1
"2418",2418,76825,44,184,3,0,1
"2419",2419,76604,44,183,2,0,1
"2420",2420,76382,44,183,3,0,1
"2421",2421,76161,45,181,3,0,1
"2422",2422,75939,45,179,3,0,1
"2423",2423,75719,45,178,3,0,1
"2424",2424,75497,45,177,2,0,1
"2425",2425,75497,46,176,2,0,1
"2427",2427,88783,54,210,4,0,1
"2428",2428,88341,38,210,4,0,1
"2429",2429,88341,38,209,4,0,1
"2430",2430,88119,39,208,4,0,1
"2431",2431,88119,39,207,4,0,1
"2432",2432,87898,39,207,3,0,1
"2433",2433,87898,39,206,3,0,1
"2434",2434,87676,40,206,3,0,1
"2435",2435,87233,40,205,3,0,1
"2436",2436,86790,40,201,3,0,1
"2437",2437,86347,40,198,3,0,1
"2438",2438,85683,54,197,3,1,1
"2439",2439,85241,41,194,3,1,1
"2440",2440,84576,41,192,3,0,1
"2441",2441,83912,41,188,3,1,1
"2443",2443,89669,36,208,3,0,1
"2444",2444,89004,37,207,3,6,1
"2445",2445,88119,37,206,3,6,1
"2446",2446,87455,37,200,3,1,1
"2447",2447,86790,37,191,3,6,1
"2448",2448,86126,38,185,4,6,1
"2449",2449,85241,54,185,4,0,1
"2450",2450,84576,38,183,4,6,1
"2451",2451,83690,38,178,3,1,1
"2452",2452,82804,39,178,3,0,1
"2453",2453,81919,39,179,3,0,1
"2454",2454,81033,39,178,3,0,1
"2455",2455,80147,39,173,3,1,1
"2456",2456,95206,40,169,3,5,1
"2457",2457,86347,40,164,3,1,1
"2459",2459,68632,42,165,1,0,1
"2460",2460,67303,42,164,1,0,1
"2461",2461,67746,42,164,1,0,1
"2462",2462,67746,42,163,1,0,1
"2463",2463,68189,43,163,1,0,1
"2464",2464,67746,43,162,1,0,1
"2465",2465,65311,43,162,1,0,1
"2466",2466,64424,43,161,1,0,1
"2467",2467,63538,43,161,1,0,1
"2468",2468,62653,54,159,2,0,1
"2469",2469,63095,54,159,2,0,1
"2470",2470,62874,44,159,2,0,1
"2471",2471,62653,44,158,2,0,1
"2472",2472,64203,44,158,2,0,1
"2473",2473,63760,44,40,2,0,1
"2476",2476,58667,50,156,4,3,1
"2477",2477,70846,50,156,4,3,1
"2478",2478,55345,50,156,4,0,1
"2479",2479,53795,51,164,6,0,1
"2480",2480,51802,51,166,6,3,1
"2481",2481,49810,51,165,5,3,1
"2482",2482,47151,51,163,5,3,1
"2483",2483,45380,51,159,6,0,1
"2484",2484,44051,51,163,6,0,1
"2485",2485,40287,51,166,5,0,1
"2486",2486,36080,51,174,5,2,1
"2487",2487,35415,51,173,4,0,1
"2488",2488,30543,51,168,4,0,1
"2489",2489,28107,52,165,4,2,1
"2490",2490,25672,52,154,4,0,1
"2492",2492,95206,53,216,4,4,1
"2493",2493,79704,54,216,4,0,1
"2494",2494,92990,38,215,4,0,1
"2495",2495,88562,38,213,4,0,1
"2496",2496,77047,38,213,4,0,1
"2497",2497,75719,39,213,4,0,1
"2498",2498,72397,39,213,4,0,1
"2499",2499,71954,39,212,4,0,1
"2500",2500,72397,39,210,4,0,1
"2501",2501,70846,39,208,4,0,1
"2502",2502,71732,39,209,4,0,1
"2503",2503,72175,39,206,4,0,1
"2504",2504,72175,39,201,3,0,1
"2505",2505,72397,39,193,3,4,1
"2506",2506,71954,39,194,3,4,1
"2524",2524,92547,37,220,5,0,1
"2525",2525,92547,37,220,5,0,1
"2526",2526,91884,37,220,5,0,1
"2527",2527,92990,37,220,5,0,1
"2528",2528,91441,38,221,5,0,1
"2529",2529,92104,53,220,5,0,1
"2530",2530,91662,54,222,5,0,1
"2531",2531,89447,38,217,5,0,1
"2532",2532,91219,38,216,6,0,1
"2533",2533,90112,38,220,6,0,1
"2534",2534,89447,39,220,7,0,1
"2535",2535,89447,39,214,4,0,1
"2536",2536,89447,39,210,4,0,1
"2537",2537,89004,39,205,4,0,1
"2538",2538,88783,39,202,4,0,1
"2540",2540,75719,43,180,3,0,1
"2541",2541,75497,43,179,4,0,1
"2542",2542,74833,43,179,4,0,1
"2543",2543,74168,43,179,3,0,1
"2544",2544,73725,54,178,3,0,1
"2545",2545,73060,54,177,4,0,1
"2546",2546,72839,44,178,3,0,1
"2547",2547,72617,44,177,3,0,1
"2548",2548,72175,44,177,3,0,1
"2549",2549,71511,44,176,3,0,1
"2550",2550,72617,45,174,3,0,1
"2551",2551,71289,45,171,3,0,1
"2552",2552,71068,45,168,3,0,1
"2553",2553,71732,45,164,3,0,1
"2554",2554,71068,45,163,3,0,1
"2556",2556,81254,40,165,3,0,1
"2557",2557,81033,40,165,2,0,1
"2558",2558,80590,54,165,2,0,1
"2559",2559,80147,41,165,2,0,1
"2560",2560,79704,41,165,3,0,1
"2561",2561,95206,41,164,2,0,1
"2562",2562,88562,42,164,2,0,1
"2563",2563,84133,42,164,2,0,1
"2564",2564,79704,42,163,2,0,1
"2565",2565,77268,42,163,2,0,1
"2566",2566,76604,43,164,2,0,1
"2567",2567,76161,43,161,2,0,1
"2568",2568,75939,43,158,2,0,1
"2569",2569,75497,43,157,2,0,1
"2570",2570,75276,43,151,2,0,1
"2588",2588,57781,49,185,3,0,1
"2589",2589,61989,49,185,3,0,1
"2590",2590,53573,49,183,3,1,1
"2591",2591,51359,49,179,2,1,1
"2592",2592,50916,55,177,2,0,1
"2593",2593,49588,55,174,3,1,1
"2594",2594,45823,50,172,3,0,1
"2595",2595,38959,50,169,2,1,1
"2596",2596,50916,50,166,3,1,1
"2597",2597,31651,50,164,4,0,1
"2598",2598,28550,50,162,4,1,1
"2599",2599,25229,50,158,5,1,1
"2600",2600,23236,50,156,4,0,1
"2601",2601,21242,50,154,4,0,1
"2602",2602,19471,51,151,4,0,1
"2604",2604,53573,46,159,4,1,1
"2605",2605,50916,54,161,4,0,1
"2606",2606,47816,54,154,4,0,1
"2607",2607,44051,47,157,4,1,1
"2608",2608,38515,47,156,3,0,1
"2609",2609,33201,47,155,3,0,1
"2610",2610,29215,47,152,3,1,1
"2611",2611,25672,47,151,2,0,1
"2612",2612,23015,47,150,3,1,1
"2613",2613,21242,47,148,4,0,1
"2614",2614,20579,48,147,4,1,1
"2615",2615,21021,48,150,4,1,1
"2616",2616,21686,48,156,4,0,1
"2617",2617,22793,48,154,3,1,1
"2618",2618,24343,48,154,4,1,1
